[
    {
        "name": "Alter Ego",
        "file": "alter_ego.nes"
    },
    {
        "name": "Cheril the Goddess",
        "file": "cheril_the_goddess.nes"
    },
    {
        "name": "Dushlan",
        "file": "dushlan.nes"
    },
    {
        "name": "Lawn Mower",
        "file": "lawn_mower.nes"
    },
    {
        "name": "Mad Wizard",
        "file": "mad_wizard.nes"
    },
    {
        "name": "Micro Knight 4",
        "file": "micro_knight_4_v1_02.nes"
    },
    {
        "name": "Nebs 'n Debs",
        "file": "nebs_n_debs_2_15_2017.nes"
    },
    {
        "name": "Owlia",
        "file": "owlia.nes"
    },
    {
        "name": "Streemerz",
        "file": "streemerz_v02.nes"
    },
    {
        "name": "Super Painter",
        "file": "super_painter_1_0.nes"
    },
    {
        "name": "Tiger Jenny",
        "file": "tiger_jenny.nes"
    },
    {
        "name": "Yun",
        "file": "yun.nes"
    }
]
